-- phpMyAdmin SQL Dump
-- version 4.9.2
-- https://www.phpmyadmin.net/
--
-- Host: 127.0.0.1
-- Generation Time: Mar 19, 2021 at 06:00 PM
-- Server version: 10.4.11-MariaDB
-- PHP Version: 7.2.26

SET SQL_MODE = "NO_AUTO_VALUE_ON_ZERO";
SET AUTOCOMMIT = 0;
START TRANSACTION;
SET time_zone = "+00:00";


/*!40101 SET @OLD_CHARACTER_SET_CLIENT=@@CHARACTER_SET_CLIENT */;
/*!40101 SET @OLD_CHARACTER_SET_RESULTS=@@CHARACTER_SET_RESULTS */;
/*!40101 SET @OLD_COLLATION_CONNECTION=@@COLLATION_CONNECTION */;
/*!40101 SET NAMES utf8mb4 */;

--
-- Database: `lms_db`
--

-- --------------------------------------------------------

--
-- Table structure for table `admin`
--

CREATE TABLE `admin` (
  `ad_id` int(11) NOT NULL,
  `messages` text NOT NULL
) ENGINE=InnoDB DEFAULT CHARSET=utf8mb4;

-- --------------------------------------------------------

--
-- Table structure for table `assignments`
--

CREATE TABLE `assignments` (
  `assign_id` int(20) NOT NULL,
  `assign_no` int(10) NOT NULL,
  `assign_file` blob NOT NULL,
  `total_marks` int(10) NOT NULL,
  `assign_date` date NOT NULL,
  `c_id` int(11) NOT NULL,
  `ins_id` int(11) NOT NULL
) ENGINE=InnoDB DEFAULT CHARSET=utf8mb4;

-- --------------------------------------------------------

--
-- Table structure for table `assi_of_st`
--

CREATE TABLE `assi_of_st` (
  `assign_id` int(50) NOT NULL,
  `st_id` int(50) NOT NULL,
  `marks_obt` int(50) NOT NULL,
  `assign_file` blob NOT NULL,
  `grade` varchar(1) NOT NULL
) ENGINE=InnoDB DEFAULT CHARSET=utf8mb4;

-- --------------------------------------------------------

--
-- Table structure for table `batch`
--

CREATE TABLE `batch` (
  `batch_id` int(20) NOT NULL,
  `batch_no` varchar(250) NOT NULL,
  `semester` varchar(20) NOT NULL
) ENGINE=InnoDB DEFAULT CHARSET=utf8mb4;

--
-- Dumping data for table `batch`
--

INSERT INTO `batch` (`batch_id`, `batch_no`, `semester`) VALUES
(10041, 'BESE-23', '8'),
(10042, 'BESE-24', '6'),
(10043, 'BESE-25', '4'),
(10044, 'BESE-26', '2');

-- --------------------------------------------------------

--
-- Table structure for table `courses`
--

CREATE TABLE `courses` (
  `course_id` int(11) NOT NULL,
  `course_name` varchar(30) NOT NULL,
  `course_code` varchar(10) NOT NULL,
  `status` varchar(10) NOT NULL,
  `announcements` text NOT NULL,
  `ins_id` int(11) NOT NULL,
  `b_id` int(11) NOT NULL
) ENGINE=InnoDB DEFAULT CHARSET=utf8mb4;

--
-- Dumping data for table `courses`
--

INSERT INTO `courses` (`course_id`, `course_name`, `course_code`, `status`, `announcements`, `ins_id`, `b_id`) VALUES
(10051, 'Artificial Intelligence', 'CS-301', 'Inprogress', '', 10011, 10041),
(10052, 'Cloud Computing', 'CS-302', 'Inprogress', '', 10012, 10041),
(10053, 'FYP', 'CS-303', 'Inprogress', '', 10014, 10041),
(10054, 'SQE', 'SE-304', 'Inprogress', '', 10013, 10042),
(10055, 'Web Engineering', 'CS-305', 'Inprogress', '', 10014, 10042),
(10056, 'Cryptography', 'IS-306', 'Inprogress', '', 10011, 10042),
(10057, 'Computer Networks', 'CS-309', 'Inprogress', '', 10011, 10043),
(10058, 'SRE', 'SE-311', 'Inprogress', '', 10013, 10043),
(10059, 'COA', 'CS-311', 'Inprogress', '', 10012, 10043),
(10060, 'Database System', 'CS-321', 'Inprogress', '', 10012, 10044),
(10061, 'OOP', 'CS-323', 'Inprogress', '', 10014, 10044),
(10062, 'Data Structures', 'CS-341', 'Inprogress', '', 10013, 10044);

-- --------------------------------------------------------

--
-- Table structure for table `instructor`
--

CREATE TABLE `instructor` (
  `ins_id` int(11) NOT NULL,
  `messages` text NOT NULL
) ENGINE=InnoDB DEFAULT CHARSET=utf8mb4;

--
-- Dumping data for table `instructor`
--

INSERT INTO `instructor` (`ins_id`, `messages`) VALUES
(10011, 'Kindly upload marks of assignment 1.'),
(10012, ''),
(10013, ''),
(10014, '');

-- --------------------------------------------------------

--
-- Table structure for table `inst_teach_st`
--

CREATE TABLE `inst_teach_st` (
  `inst_id` int(50) NOT NULL,
  `batch_id` int(50) NOT NULL
) ENGINE=InnoDB DEFAULT CHARSET=utf8mb4;

--
-- Dumping data for table `inst_teach_st`
--

INSERT INTO `inst_teach_st` (`inst_id`, `batch_id`) VALUES
(10011, 10041),
(10011, 10042),
(10011, 10043),
(10012, 10041),
(10012, 10043),
(10012, 10044),
(10013, 10042),
(10013, 10043),
(10013, 10044),
(10014, 10041),
(10014, 10042),
(10014, 10044);

-- --------------------------------------------------------

--
-- Table structure for table `lectures`
--

CREATE TABLE `lectures` (
  `lec_id` int(11) NOT NULL,
  `upload_date` date NOT NULL,
  `lec_file` blob NOT NULL,
  `c_id` int(11) NOT NULL
) ENGINE=InnoDB DEFAULT CHARSET=utf8mb4;

--
-- Dumping data for table `lectures`
--

INSERT INTO `lectures` (`lec_id`, `upload_date`, `lec_file`, `c_id`) VALUES
(10001, '2021-03-01', 0x504b0304140000000800a2b36f52b0202cd125000000230000000a0000004d7946696c652e747874f3ad5448cbcc4955c84f53282ccdacaa4aad5248cc4b51482c2ece4ccfcbcd2b29e6e50200504b01021f00140000000800a2b36f52b0202cd125000000230000000a00240000000000000020000000000000004d7946696c652e7478740a00200000000000010018008f6521b2c019d7018f6521b2c019d7016e61325cc019d701504b050600000000010001005c0000004d0000000000, 10051),
(10002, '2021-03-02', 0x504b0304140000000800a2b36f52b0202cd125000000230000000a0000004d7946696c652e747874f3ad5448cbcc4955c84f53282ccdacaa4aad5248cc4b51482c2ece4ccfcbcd2b29e6e50200504b01021f00140000000800a2b36f52b0202cd125000000230000000a00240000000000000020000000000000004d7946696c652e7478740a00200000000000010018008f6521b2c019d7018f6521b2c019d7016e61325cc019d701504b050600000000010001005c0000004d0000000000, 10051),
(20001, '2021-03-01', 0x504b0304140000000800a2b36f52b0202cd125000000230000000a0000004d7946696c652e747874f3ad5448cbcc4955c84f53282ccdacaa4aad5248cc4b51482c2ece4ccfcbcd2b29e6e50200504b01021f00140000000800a2b36f52b0202cd125000000230000000a00240000000000000020000000000000004d7946696c652e7478740a00200000000000010018008f6521b2c019d7018f6521b2c019d7016e61325cc019d701504b050600000000010001005c0000004d0000000000, 10052),
(20002, '2021-03-02', 0x504b0304140000000800a2b36f52b0202cd125000000230000000a0000004d7946696c652e747874f3ad5448cbcc4955c84f53282ccdacaa4aad5248cc4b51482c2ece4ccfcbcd2b29e6e50200504b01021f00140000000800a2b36f52b0202cd125000000230000000a00240000000000000020000000000000004d7946696c652e7478740a00200000000000010018008f6521b2c019d7018f6521b2c019d7016e61325cc019d701504b050600000000010001005c0000004d0000000000, 10052);

-- --------------------------------------------------------

--
-- Table structure for table `quizzes`
--

CREATE TABLE `quizzes` (
  `quiz_id` int(20) NOT NULL,
  `quiz_no` int(10) NOT NULL,
  `quiz_file` longblob NOT NULL,
  `total_marks` int(10) NOT NULL,
  `quiz_date` date NOT NULL,
  `c_id` int(11) NOT NULL,
  `ins_id` int(11) NOT NULL
) ENGINE=InnoDB DEFAULT CHARSET=utf8mb4;

--
-- Dumping data for table `quizzes`
--

INSERT INTO `quizzes` (`quiz_id`, `quiz_no`, `quiz_file`, `total_marks`, `quiz_date`, `c_id`, `ins_id`) VALUES
(10070, 1, 0x504b0304140000000800a2b36f52b0202cd125000000230000000a0000004d7946696c652e747874f3ad5448cbcc4955c84f53282ccdacaa4aad5248cc4b51482c2ece4ccfcbcd2b29e6e50200504b01021f00140000000800a2b36f52b0202cd125000000230000000a00240000000000000020000000000000004d7946696c652e7478740a00200000000000010018008f6521b2c019d7018f6521b2c019d7016e61325cc019d701504b050600000000010001005c0000004d0000000000, 10, '2021-03-01', 10051, 10011),
(10071, 2, 0x504b0304140000000800a2b36f52b0202cd125000000230000000a0000004d7946696c652e747874f3ad5448cbcc4955c84f53282ccdacaa4aad5248cc4b51482c2ece4ccfcbcd2b29e6e50200504b01021f00140000000800a2b36f52b0202cd125000000230000000a00240000000000000020000000000000004d7946696c652e7478740a00200000000000010018008f6521b2c019d7018f6521b2c019d7016e61325cc019d701504b050600000000010001005c0000004d0000000000, 10, '2021-03-05', 10051, 10011),
(10072, 1, 0x504b0304140000000800a2b36f52b0202cd125000000230000000a0000004d7946696c652e747874f3ad5448cbcc4955c84f53282ccdacaa4aad5248cc4b51482c2ece4ccfcbcd2b29e6e50200504b01021f00140000000800a2b36f52b0202cd125000000230000000a00240000000000000020000000000000004d7946696c652e7478740a00200000000000010018008f6521b2c019d7018f6521b2c019d7016e61325cc019d701504b050600000000010001005c0000004d0000000000, 10, '2021-03-02', 10052, 10012),
(10073, 2, 0x504b0304140000000800a2b36f52b0202cd125000000230000000a0000004d7946696c652e747874f3ad5448cbcc4955c84f53282ccdacaa4aad5248cc4b51482c2ece4ccfcbcd2b29e6e50200504b01021f00140000000800a2b36f52b0202cd125000000230000000a00240000000000000020000000000000004d7946696c652e7478740a00200000000000010018008f6521b2c019d7018f6521b2c019d7016e61325cc019d701504b050600000000010001005c0000004d0000000000, 10, '2021-03-09', 10052, 10012),
(10074, 1, 0x504b0304140000000800a2b36f52b0202cd125000000230000000a0000004d7946696c652e747874f3ad5448cbcc4955c84f53282ccdacaa4aad5248cc4b51482c2ece4ccfcbcd2b29e6e50200504b01021f00140000000800a2b36f52b0202cd125000000230000000a00240000000000000020000000000000004d7946696c652e7478740a00200000000000010018008f6521b2c019d7018f6521b2c019d7016e61325cc019d701504b050600000000010001005c0000004d0000000000, 10, '2021-03-08', 10055, 10014),
(10075, 2, 0x504b0304140000000800a2b36f52b0202cd125000000230000000a0000004d7946696c652e747874f3ad5448cbcc4955c84f53282ccdacaa4aad5248cc4b51482c2ece4ccfcbcd2b29e6e50200504b01021f00140000000800a2b36f52b0202cd125000000230000000a00240000000000000020000000000000004d7946696c652e7478740a00200000000000010018008f6521b2c019d7018f6521b2c019d7016e61325cc019d701504b050600000000010001005c0000004d0000000000, 10, '2021-03-10', 10055, 10014),
(10076, 1, 0x504b0304140000000800a2b36f52b0202cd125000000230000000a0000004d7946696c652e747874f3ad5448cbcc4955c84f53282ccdacaa4aad5248cc4b51482c2ece4ccfcbcd2b29e6e50200504b01021f00140000000800a2b36f52b0202cd125000000230000000a00240000000000000020000000000000004d7946696c652e7478740a00200000000000010018008f6521b2c019d7018f6521b2c019d7016e61325cc019d701504b050600000000010001005c0000004d0000000000, 10, '2021-03-02', 10056, 10011),
(10077, 2, 0x504b0304140000000800a2b36f52b0202cd125000000230000000a0000004d7946696c652e747874f3ad5448cbcc4955c84f53282ccdacaa4aad5248cc4b51482c2ece4ccfcbcd2b29e6e50200504b01021f00140000000800a2b36f52b0202cd125000000230000000a00240000000000000020000000000000004d7946696c652e7478740a00200000000000010018008f6521b2c019d7018f6521b2c019d7016e61325cc019d701504b050600000000010001005c0000004d0000000000, 10, '2021-03-16', 10056, 10011),
(10078, 1, 0x504b0304140000000800a2b36f52b0202cd125000000230000000a0000004d7946696c652e747874f3ad5448cbcc4955c84f53282ccdacaa4aad5248cc4b51482c2ece4ccfcbcd2b29e6e50200504b01021f00140000000800a2b36f52b0202cd125000000230000000a00240000000000000020000000000000004d7946696c652e7478740a00200000000000010018008f6521b2c019d7018f6521b2c019d7016e61325cc019d701504b050600000000010001005c0000004d0000000000, 10, '2021-03-03', 10054, 10013),
(10079, 2, 0x504b0304140000000800a2b36f52b0202cd125000000230000000a0000004d7946696c652e747874f3ad5448cbcc4955c84f53282ccdacaa4aad5248cc4b51482c2ece4ccfcbcd2b29e6e50200504b01021f00140000000800a2b36f52b0202cd125000000230000000a00240000000000000020000000000000004d7946696c652e7478740a00200000000000010018008f6521b2c019d7018f6521b2c019d7016e61325cc019d701504b050600000000010001005c0000004d0000000000, 10, '2021-03-10', 10054, 10013),
(100710, 1, 0x504b0304140000000800a2b36f52b0202cd125000000230000000a0000004d7946696c652e747874f3ad5448cbcc4955c84f53282ccdacaa4aad5248cc4b51482c2ece4ccfcbcd2b29e6e50200504b01021f00140000000800a2b36f52b0202cd125000000230000000a00240000000000000020000000000000004d7946696c652e7478740a00200000000000010018008f6521b2c019d7018f6521b2c019d7016e61325cc019d701504b050600000000010001005c0000004d0000000000, 10, '2021-03-05', 10062, 10013),
(100711, 2, 0x504b0304140000000800a2b36f52b0202cd125000000230000000a0000004d7946696c652e747874f3ad5448cbcc4955c84f53282ccdacaa4aad5248cc4b51482c2ece4ccfcbcd2b29e6e50200504b01021f00140000000800a2b36f52b0202cd125000000230000000a00240000000000000020000000000000004d7946696c652e7478740a00200000000000010018008f6521b2c019d7018f6521b2c019d7016e61325cc019d701504b050600000000010001005c0000004d0000000000, 10, '2021-03-12', 10062, 10013),
(100712, 1, 0x504b0304140000000800a2b36f52b0202cd125000000230000000a0000004d7946696c652e747874f3ad5448cbcc4955c84f53282ccdacaa4aad5248cc4b51482c2ece4ccfcbcd2b29e6e50200504b01021f00140000000800a2b36f52b0202cd125000000230000000a00240000000000000020000000000000004d7946696c652e7478740a00200000000000010018008f6521b2c019d7018f6521b2c019d7016e61325cc019d701504b050600000000010001005c0000004d0000000000, 10, '2021-03-10', 10061, 10014),
(100713, 2, 0x504b0304140000000800a2b36f52b0202cd125000000230000000a0000004d7946696c652e747874f3ad5448cbcc4955c84f53282ccdacaa4aad5248cc4b51482c2ece4ccfcbcd2b29e6e50200504b01021f00140000000800a2b36f52b0202cd125000000230000000a00240000000000000020000000000000004d7946696c652e7478740a00200000000000010018008f6521b2c019d7018f6521b2c019d7016e61325cc019d701504b050600000000010001005c0000004d0000000000, 10, '2021-03-17', 10061, 10014),
(100714, 1, 0x504b0304140000000800a2b36f52b0202cd125000000230000000a0000004d7946696c652e747874f3ad5448cbcc4955c84f53282ccdacaa4aad5248cc4b51482c2ece4ccfcbcd2b29e6e50200504b01021f00140000000800a2b36f52b0202cd125000000230000000a00240000000000000020000000000000004d7946696c652e7478740a00200000000000010018008f6521b2c019d7018f6521b2c019d7016e61325cc019d701504b050600000000010001005c0000004d0000000000, 10, '2021-03-09', 10060, 10012),
(100715, 2, 0x504b0304140000000800a2b36f52b0202cd125000000230000000a0000004d7946696c652e747874f3ad5448cbcc4955c84f53282ccdacaa4aad5248cc4b51482c2ece4ccfcbcd2b29e6e50200504b01021f00140000000800a2b36f52b0202cd125000000230000000a00240000000000000020000000000000004d7946696c652e7478740a00200000000000010018008f6521b2c019d7018f6521b2c019d7016e61325cc019d701504b050600000000010001005c0000004d0000000000, 10, '2021-03-15', 10060, 10012),
(100716, 1, 0x504b0304140000000800a2b36f52b0202cd125000000230000000a0000004d7946696c652e747874f3ad5448cbcc4955c84f53282ccdacaa4aad5248cc4b51482c2ece4ccfcbcd2b29e6e50200504b01021f00140000000800a2b36f52b0202cd125000000230000000a00240000000000000020000000000000004d7946696c652e7478740a00200000000000010018008f6521b2c019d7018f6521b2c019d7016e61325cc019d701504b050600000000010001005c0000004d0000000000, 10, '2021-03-02', 10059, 10012),
(100717, 2, 0x504b0304140000000800a2b36f52b0202cd125000000230000000a0000004d7946696c652e747874f3ad5448cbcc4955c84f53282ccdacaa4aad5248cc4b51482c2ece4ccfcbcd2b29e6e50200504b01021f00140000000800a2b36f52b0202cd125000000230000000a00240000000000000020000000000000004d7946696c652e7478740a00200000000000010018008f6521b2c019d7018f6521b2c019d7016e61325cc019d701504b050600000000010001005c0000004d0000000000, 10, '2021-03-08', 10059, 10012),
(100718, 1, 0x504b0304140000000800a2b36f52b0202cd125000000230000000a0000004d7946696c652e747874f3ad5448cbcc4955c84f53282ccdacaa4aad5248cc4b51482c2ece4ccfcbcd2b29e6e50200504b01021f00140000000800a2b36f52b0202cd125000000230000000a00240000000000000020000000000000004d7946696c652e7478740a00200000000000010018008f6521b2c019d7018f6521b2c019d7016e61325cc019d701504b050600000000010001005c0000004d0000000000, 10, '2021-03-03', 10058, 10013),
(100719, 2, 0x504b0304140000000800a2b36f52b0202cd125000000230000000a0000004d7946696c652e747874f3ad5448cbcc4955c84f53282ccdacaa4aad5248cc4b51482c2ece4ccfcbcd2b29e6e50200504b01021f00140000000800a2b36f52b0202cd125000000230000000a00240000000000000020000000000000004d7946696c652e7478740a00200000000000010018008f6521b2c019d7018f6521b2c019d7016e61325cc019d701504b050600000000010001005c0000004d0000000000, 10, '2021-03-10', 10058, 10013),
(100720, 1, 0x504b0304140000000800a2b36f52b0202cd125000000230000000a0000004d7946696c652e747874f3ad5448cbcc4955c84f53282ccdacaa4aad5248cc4b51482c2ece4ccfcbcd2b29e6e50200504b01021f00140000000800a2b36f52b0202cd125000000230000000a00240000000000000020000000000000004d7946696c652e7478740a00200000000000010018008f6521b2c019d7018f6521b2c019d7016e61325cc019d701504b050600000000010001005c0000004d0000000000, 10, '2021-03-04', 10057, 10011),
(100721, 2, 0x504b0304140000000800a2b36f52b0202cd125000000230000000a0000004d7946696c652e747874f3ad5448cbcc4955c84f53282ccdacaa4aad5248cc4b51482c2ece4ccfcbcd2b29e6e50200504b01021f00140000000800a2b36f52b0202cd125000000230000000a00240000000000000020000000000000004d7946696c652e7478740a00200000000000010018008f6521b2c019d7018f6521b2c019d7016e61325cc019d701504b050600000000010001005c0000004d0000000000, 10, '2021-03-11', 10057, 10011);

-- --------------------------------------------------------

--
-- Table structure for table `quiz_of_st`
--

CREATE TABLE `quiz_of_st` (
  `quiz_id` int(50) NOT NULL,
  `st_id` int(50) NOT NULL,
  `marks_obt` int(50) NOT NULL,
  `quiz_file` blob NOT NULL
) ENGINE=InnoDB DEFAULT CHARSET=utf8mb4;

--
-- Dumping data for table `quiz_of_st`
--

INSERT INTO `quiz_of_st` (`quiz_id`, `st_id`, `marks_obt`, `quiz_file`) VALUES
(10070, 10021, 5, 0x504b0304140000000800a2b36f52b0202cd125000000230000000a0000004d7946696c652e747874f3ad5448cbcc4955c84f53282ccdacaa4aad5248cc4b51482c2ece4ccfcbcd2b29e6e50200504b01021f00140000000800a2b36f52b0202cd125000000230000000a00240000000000000020000000000000004d7946696c652e7478740a00200000000000010018008f6521b2c019d7018f6521b2c019d7016e61325cc019d701504b050600000000010001005c0000004d0000000000),
(10070, 10022, 8, 0x504b0304140000000800a2b36f52b0202cd125000000230000000a0000004d7946696c652e747874f3ad5448cbcc4955c84f53282ccdacaa4aad5248cc4b51482c2ece4ccfcbcd2b29e6e50200504b01021f00140000000800a2b36f52b0202cd125000000230000000a00240000000000000020000000000000004d7946696c652e7478740a00200000000000010018008f6521b2c019d7018f6521b2c019d7016e61325cc019d701504b050600000000010001005c0000004d0000000000),
(10070, 10023, 7, 0x504b0304140000000800a2b36f52b0202cd125000000230000000a0000004d7946696c652e747874f3ad5448cbcc4955c84f53282ccdacaa4aad5248cc4b51482c2ece4ccfcbcd2b29e6e50200504b01021f00140000000800a2b36f52b0202cd125000000230000000a00240000000000000020000000000000004d7946696c652e7478740a00200000000000010018008f6521b2c019d7018f6521b2c019d7016e61325cc019d701504b050600000000010001005c0000004d0000000000),
(10070, 10024, 10, 0x504b0304140000000800a2b36f52b0202cd125000000230000000a0000004d7946696c652e747874f3ad5448cbcc4955c84f53282ccdacaa4aad5248cc4b51482c2ece4ccfcbcd2b29e6e50200504b01021f00140000000800a2b36f52b0202cd125000000230000000a00240000000000000020000000000000004d7946696c652e7478740a00200000000000010018008f6521b2c019d7018f6521b2c019d7016e61325cc019d701504b050600000000010001005c0000004d0000000000),
(10070, 10025, 8, 0x504b0304140000000800a2b36f52b0202cd125000000230000000a0000004d7946696c652e747874f3ad5448cbcc4955c84f53282ccdacaa4aad5248cc4b51482c2ece4ccfcbcd2b29e6e50200504b01021f00140000000800a2b36f52b0202cd125000000230000000a00240000000000000020000000000000004d7946696c652e7478740a00200000000000010018008f6521b2c019d7018f6521b2c019d7016e61325cc019d701504b050600000000010001005c0000004d0000000000),
(10071, 10021, 8, ''),
(10071, 10022, 7, 0x504b0304140000000800a2b36f52b0202cd125000000230000000a0000004d7946696c652e747874f3ad5448cbcc4955c84f53282ccdacaa4aad5248cc4b51482c2ece4ccfcbcd2b29e6e50200504b01021f00140000000800a2b36f52b0202cd125000000230000000a00240000000000000020000000000000004d7946696c652e7478740a00200000000000010018008f6521b2c019d7018f6521b2c019d7016e61325cc019d701504b050600000000010001005c0000004d0000000000),
(10071, 10023, 6, 0x504b0304140000000800a2b36f52b0202cd125000000230000000a0000004d7946696c652e747874f3ad5448cbcc4955c84f53282ccdacaa4aad5248cc4b51482c2ece4ccfcbcd2b29e6e50200504b01021f00140000000800a2b36f52b0202cd125000000230000000a00240000000000000020000000000000004d7946696c652e7478740a00200000000000010018008f6521b2c019d7018f6521b2c019d7016e61325cc019d701504b050600000000010001005c0000004d0000000000),
(10071, 10024, 8, 0x504b0304140000000800a2b36f52b0202cd125000000230000000a0000004d7946696c652e747874f3ad5448cbcc4955c84f53282ccdacaa4aad5248cc4b51482c2ece4ccfcbcd2b29e6e50200504b01021f00140000000800a2b36f52b0202cd125000000230000000a00240000000000000020000000000000004d7946696c652e7478740a00200000000000010018008f6521b2c019d7018f6521b2c019d7016e61325cc019d701504b050600000000010001005c0000004d0000000000),
(10071, 10025, 8, 0x504b0304140000000800a2b36f52b0202cd125000000230000000a0000004d7946696c652e747874f3ad5448cbcc4955c84f53282ccdacaa4aad5248cc4b51482c2ece4ccfcbcd2b29e6e50200504b01021f00140000000800a2b36f52b0202cd125000000230000000a00240000000000000020000000000000004d7946696c652e7478740a00200000000000010018008f6521b2c019d7018f6521b2c019d7016e61325cc019d701504b050600000000010001005c0000004d0000000000),
(10072, 10021, 7, 0x504b0304140000000800a2b36f52b0202cd125000000230000000a0000004d7946696c652e747874f3ad5448cbcc4955c84f53282ccdacaa4aad5248cc4b51482c2ece4ccfcbcd2b29e6e50200504b01021f00140000000800a2b36f52b0202cd125000000230000000a00240000000000000020000000000000004d7946696c652e7478740a00200000000000010018008f6521b2c019d7018f6521b2c019d7016e61325cc019d701504b050600000000010001005c0000004d0000000000),
(10072, 10022, 9, ''),
(10072, 10023, 9, 0x504b0304140000000800a2b36f52b0202cd125000000230000000a0000004d7946696c652e747874f3ad5448cbcc4955c84f53282ccdacaa4aad5248cc4b51482c2ece4ccfcbcd2b29e6e50200504b01021f00140000000800a2b36f52b0202cd125000000230000000a00240000000000000020000000000000004d7946696c652e7478740a00200000000000010018008f6521b2c019d7018f6521b2c019d7016e61325cc019d701504b050600000000010001005c0000004d0000000000),
(10072, 10024, 10, ''),
(10072, 10025, 8, 0x504b0304140000000800a2b36f52b0202cd125000000230000000a0000004d7946696c652e747874f3ad5448cbcc4955c84f53282ccdacaa4aad5248cc4b51482c2ece4ccfcbcd2b29e6e50200504b01021f00140000000800a2b36f52b0202cd125000000230000000a00240000000000000020000000000000004d7946696c652e7478740a00200000000000010018008f6521b2c019d7018f6521b2c019d7016e61325cc019d701504b050600000000010001005c0000004d0000000000),
(10073, 10021, 8, 0x504b0304140000000800a2b36f52b0202cd125000000230000000a0000004d7946696c652e747874f3ad5448cbcc4955c84f53282ccdacaa4aad5248cc4b51482c2ece4ccfcbcd2b29e6e50200504b01021f00140000000800a2b36f52b0202cd125000000230000000a00240000000000000020000000000000004d7946696c652e7478740a00200000000000010018008f6521b2c019d7018f6521b2c019d7016e61325cc019d701504b050600000000010001005c0000004d0000000000),
(10073, 10022, 9, 0x504b0304140000000800a2b36f52b0202cd125000000230000000a0000004d7946696c652e747874f3ad5448cbcc4955c84f53282ccdacaa4aad5248cc4b51482c2ece4ccfcbcd2b29e6e50200504b01021f00140000000800a2b36f52b0202cd125000000230000000a00240000000000000020000000000000004d7946696c652e7478740a00200000000000010018008f6521b2c019d7018f6521b2c019d7016e61325cc019d701504b050600000000010001005c0000004d0000000000),
(10073, 10023, 9, 0x504b0304140000000800a2b36f52b0202cd125000000230000000a0000004d7946696c652e747874f3ad5448cbcc4955c84f53282ccdacaa4aad5248cc4b51482c2ece4ccfcbcd2b29e6e50200504b01021f00140000000800a2b36f52b0202cd125000000230000000a00240000000000000020000000000000004d7946696c652e7478740a00200000000000010018008f6521b2c019d7018f6521b2c019d7016e61325cc019d701504b050600000000010001005c0000004d0000000000),
(10073, 10024, 10, 0x504b0304140000000800a2b36f52b0202cd125000000230000000a0000004d7946696c652e747874f3ad5448cbcc4955c84f53282ccdacaa4aad5248cc4b51482c2ece4ccfcbcd2b29e6e50200504b01021f00140000000800a2b36f52b0202cd125000000230000000a00240000000000000020000000000000004d7946696c652e7478740a00200000000000010018008f6521b2c019d7018f6521b2c019d7016e61325cc019d701504b050600000000010001005c0000004d0000000000),
(10073, 10025, 6, 0x504b0304140000000800a2b36f52b0202cd125000000230000000a0000004d7946696c652e747874f3ad5448cbcc4955c84f53282ccdacaa4aad5248cc4b51482c2ece4ccfcbcd2b29e6e50200504b01021f00140000000800a2b36f52b0202cd125000000230000000a00240000000000000020000000000000004d7946696c652e7478740a00200000000000010018008f6521b2c019d7018f6521b2c019d7016e61325cc019d701504b050600000000010001005c0000004d0000000000);

-- --------------------------------------------------------

--
-- Table structure for table `student`
--

CREATE TABLE `student` (
  `st_id` int(11) NOT NULL,
  `b_id` int(11) NOT NULL
) ENGINE=InnoDB DEFAULT CHARSET=utf8mb4;

--
-- Dumping data for table `student`
--

INSERT INTO `student` (`st_id`, `b_id`) VALUES
(10021, 10041),
(10022, 10041),
(10023, 10041),
(10024, 10041),
(10025, 10041),
(10026, 10042),
(10027, 10042),
(10028, 10042),
(10031, 10043),
(10032, 10043),
(10036, 10044),
(10037, 10044);

-- --------------------------------------------------------

--
-- Table structure for table `st_in_courses`
--

CREATE TABLE `st_in_courses` (
  `c_id` int(50) NOT NULL,
  `st_id` int(50) NOT NULL,
  `date` date NOT NULL,
  `attendance` varchar(250) NOT NULL
) ENGINE=InnoDB DEFAULT CHARSET=utf8mb4;

--
-- Dumping data for table `st_in_courses`
--

INSERT INTO `st_in_courses` (`c_id`, `st_id`, `date`, `attendance`) VALUES
(10051, 10021, '2021-03-02', 'Present'),
(10051, 10022, '2021-03-02', 'Present'),
(10051, 10023, '2021-03-02', 'Present'),
(10051, 10024, '2021-03-02', 'Present'),
(10051, 10025, '2021-03-02', 'Present');

-- --------------------------------------------------------

--
-- Table structure for table `users`
--

CREATE TABLE `users` (
  `user_id` int(11) NOT NULL,
  `name` varchar(30) NOT NULL,
  `username` varchar(30) NOT NULL,
  `pwd` varchar(30) NOT NULL,
  `college_email` varchar(30) NOT NULL,
  `personal_email` varchar(30) NOT NULL,
  `contact` int(11) NOT NULL,
  `linkedIn_profile` text NOT NULL,
  `github_profile` text NOT NULL,
  `role_id` int(11) NOT NULL
) ENGINE=InnoDB DEFAULT CHARSET=utf8mb4;

--
-- Dumping data for table `users`
--

INSERT INTO `users` (`user_id`, `name`, `username`, `pwd`, `college_email`, `personal_email`, `contact`, `linkedIn_profile`, `github_profile`, `role_id`) VALUES
(10011, 'Ayesha Naeem', 'anaeem.bese26mcs', '12345', 'ayasha.naeem@mcs.edu.pk', 'ayeshanaeem@gmail.com', 445698, 'ayesha@linkedid.com', 'ayesha123@github.com', 10010),
(10012, 'Ali Murtaza', 'amurtaza.bese24mcs', '12347', 'ali.murtaza@mcs.edu.pk', 'alimurtaza1@gmail.com', 445678, 'alimurtaza@linkedid.com', 'murtaza123@github.com', 10010),
(10013, 'Sadia Zulfiqar', 'zsadia.besemcs', '12345902', 'sadia.zulfiqar@mcs.edu.pk', 'zsadia56@gmail.com', 467998, 'zsadia12@linkedid.com', 'zsadia12@github.com', 10010),
(10014, 'Mohsin Ali ', 'amohsin.bese24mcs', '12348927', 'amohsin@mcs.edu.pk', 'mohsin12@gmail.com', 551578, 'mohsinn57@linkedid.com', 'mohsinn57@github.com', 10010),
(10021, 'Alina Ismail', 'aismail.bese23mcs', '12336', 'ali.ismail@mcs.edu.pk', 'alismail1@gmail.com', 445675, 'alinaismail@linkedid.com', 'alina123@github.com', 10020),
(10022, 'Zeeshan Ali', 'azeeshan.bese23mcs', '15676', 'azeeshan@mcs.edu.pk', 'zeeshan32@gmail.com', 445673, 'zeeshanali5@linkedid.com', 'zeeshan123@github.com', 10020),
(10023, 'Isha Imad', 'isha.bese23mcs', '1234567', 'isha@mcs.edu.pk', 'ishaimad3@gmail.com', 44468, 'ishaimad@linkedid.com', 'ishaimad123@github.com', 10020),
(10024, 'Zayn Ali', 'zayn.bese23mcs', '1234568', 'zayn@mcs.edu.pk', 'zayn78@gmail.com', 444908, 'zayn78@linkedid.com', 'zayni3@github.com', 10020),
(10025, 'Amna Ali', 'amna.bese23mcs', '98765', 'amnali@mcs.edu.pk', 'amna123@gmail.com', 449989, 'amna123@linkedid.com', 'amnaalii@github.com', 10020),
(10026, 'Ali Sher', 'alisher12.bese24mcs', 'abd12', 'alisher12@mcs.edu.pk', 'alisher122@gmail.com', 1257980, '', '', 10020),
(10027, 'Ali Raza', 'aliraza.bese24mcs', 'abd78', 'aliraza@mcs.edu.pk', 'aliraza78@gmail.com', 678359, 'aliraza@linkedid.com', 'aliraza@github.com', 10020),
(10028, 'Momin Khan', 'momink.bese24mcs', 'abc5d78', 'mominkhan@mcs.edu.pk', 'mominkhan@gmail.com', 632359, 'mominkhan@linkedid.com', 'mominkhan@github.com', 10020),
(10031, 'Kamran Ali', 'kamran.bese25mcs', '987654', 'kamran@mcs.edu.pk', 'kamran@gmail.com', 556779, 'kamran@linkedid.com', 'kamran@github.com', 10020),
(10032, 'Tayyaba Gul', 'gtayyaba.bese25mcs', 'abdh654', 'tayyaba@mcs.edu.pk', 'tayyaba@gmail.com', 9125779, 'tayba@linkedid.com', '', 10020),
(10036, 'Shehreyar Ahmed', 'sahemed.bese26mcs', 'ab78dh654', 'shehreyar@mcs.edu.pk', 'shehreyar@gmail.com', 32565779, '', '', 10020),
(10037, 'Usman Khalid', 'ukhalid.bese26mcs', 'a8b7', 'ukhalid@mcs.edu.pk', 'usmank@gmail.com', 34625779, '', '', 10020),
(90031, 'admin1', 'admin1.mcs', '1234abd', 'admin1@mcs', 'azharali88@gmail.com', 281234, '', '', 10030);

-- --------------------------------------------------------

--
-- Table structure for table `user type`
--

CREATE TABLE `user type` (
  `type_id` int(11) NOT NULL,
  `role` varchar(15) NOT NULL
) ENGINE=InnoDB DEFAULT CHARSET=utf8mb4;

--
-- Dumping data for table `user type`
--

INSERT INTO `user type` (`type_id`, `role`) VALUES
(10010, 'Instructor'),
(10020, 'Student'),
(10030, 'Admin');

--
-- Indexes for dumped tables
--

--
-- Indexes for table `admin`
--
ALTER TABLE `admin`
  ADD PRIMARY KEY (`ad_id`);

--
-- Indexes for table `assignments`
--
ALTER TABLE `assignments`
  ADD PRIMARY KEY (`assign_id`),
  ADD KEY `c_id` (`c_id`),
  ADD KEY `ins_id` (`ins_id`);

--
-- Indexes for table `assi_of_st`
--
ALTER TABLE `assi_of_st`
  ADD PRIMARY KEY (`assign_id`,`st_id`),
  ADD KEY `st_id` (`st_id`);

--
-- Indexes for table `batch`
--
ALTER TABLE `batch`
  ADD PRIMARY KEY (`batch_id`);

--
-- Indexes for table `courses`
--
ALTER TABLE `courses`
  ADD PRIMARY KEY (`course_id`),
  ADD UNIQUE KEY `course_code` (`course_code`),
  ADD KEY `ins_id` (`ins_id`),
  ADD KEY `b_id` (`b_id`);

--
-- Indexes for table `instructor`
--
ALTER TABLE `instructor`
  ADD PRIMARY KEY (`ins_id`);

--
-- Indexes for table `inst_teach_st`
--
ALTER TABLE `inst_teach_st`
  ADD PRIMARY KEY (`inst_id`,`batch_id`),
  ADD KEY `batch_id` (`batch_id`);

--
-- Indexes for table `lectures`
--
ALTER TABLE `lectures`
  ADD PRIMARY KEY (`lec_id`),
  ADD KEY `c_id` (`c_id`);

--
-- Indexes for table `quizzes`
--
ALTER TABLE `quizzes`
  ADD PRIMARY KEY (`quiz_id`),
  ADD KEY `c_id` (`c_id`),
  ADD KEY `ins_id` (`ins_id`);

--
-- Indexes for table `quiz_of_st`
--
ALTER TABLE `quiz_of_st`
  ADD PRIMARY KEY (`quiz_id`,`st_id`),
  ADD KEY `st_id` (`st_id`);

--
-- Indexes for table `student`
--
ALTER TABLE `student`
  ADD PRIMARY KEY (`st_id`),
  ADD KEY `b_id` (`b_id`);

--
-- Indexes for table `st_in_courses`
--
ALTER TABLE `st_in_courses`
  ADD PRIMARY KEY (`c_id`,`st_id`),
  ADD KEY `st_id` (`st_id`);

--
-- Indexes for table `users`
--
ALTER TABLE `users`
  ADD PRIMARY KEY (`user_id`),
  ADD UNIQUE KEY `username` (`username`),
  ADD UNIQUE KEY `college_email` (`college_email`),
  ADD UNIQUE KEY `personal_email` (`personal_email`),
  ADD KEY `role_id` (`role_id`),
  ADD KEY `pwd` (`pwd`) USING BTREE,
  ADD KEY `pwd_2` (`pwd`);
ALTER TABLE `users` ADD FULLTEXT KEY `pwd_3` (`pwd`);

--
-- Indexes for table `user type`
--
ALTER TABLE `user type`
  ADD PRIMARY KEY (`type_id`);

--
-- AUTO_INCREMENT for dumped tables
--

--
-- AUTO_INCREMENT for table `admin`
--
ALTER TABLE `admin`
  MODIFY `ad_id` int(11) NOT NULL AUTO_INCREMENT, AUTO_INCREMENT=10032;

--
-- AUTO_INCREMENT for table `assignments`
--
ALTER TABLE `assignments`
  MODIFY `assign_id` int(20) NOT NULL AUTO_INCREMENT;

--
-- AUTO_INCREMENT for table `batch`
--
ALTER TABLE `batch`
  MODIFY `batch_id` int(20) NOT NULL AUTO_INCREMENT, AUTO_INCREMENT=10045;

--
-- AUTO_INCREMENT for table `courses`
--
ALTER TABLE `courses`
  MODIFY `course_id` int(11) NOT NULL AUTO_INCREMENT, AUTO_INCREMENT=10063;

--
-- AUTO_INCREMENT for table `instructor`
--
ALTER TABLE `instructor`
  MODIFY `ins_id` int(11) NOT NULL AUTO_INCREMENT, AUTO_INCREMENT=10015;

--
-- AUTO_INCREMENT for table `lectures`
--
ALTER TABLE `lectures`
  MODIFY `lec_id` int(11) NOT NULL AUTO_INCREMENT, AUTO_INCREMENT=20003;

--
-- AUTO_INCREMENT for table `quizzes`
--
ALTER TABLE `quizzes`
  MODIFY `quiz_id` int(20) NOT NULL AUTO_INCREMENT, AUTO_INCREMENT=100722;

--
-- AUTO_INCREMENT for table `student`
--
ALTER TABLE `student`
  MODIFY `st_id` int(11) NOT NULL AUTO_INCREMENT, AUTO_INCREMENT=10038;

--
-- AUTO_INCREMENT for table `users`
--
ALTER TABLE `users`
  MODIFY `user_id` int(11) NOT NULL AUTO_INCREMENT, AUTO_INCREMENT=90032;

--
-- AUTO_INCREMENT for table `user type`
--
ALTER TABLE `user type`
  MODIFY `type_id` int(11) NOT NULL AUTO_INCREMENT, AUTO_INCREMENT=10031;

--
-- Constraints for dumped tables
--

--
-- Constraints for table `admin`
--
ALTER TABLE `admin`
  ADD CONSTRAINT `admin_ibfk_1` FOREIGN KEY (`ad_id`) REFERENCES `users` (`user_id`);

--
-- Constraints for table `assignments`
--
ALTER TABLE `assignments`
  ADD CONSTRAINT `assignments_ibfk_1` FOREIGN KEY (`c_id`) REFERENCES `courses` (`course_id`) ON UPDATE CASCADE,
  ADD CONSTRAINT `assignments_ibfk_2` FOREIGN KEY (`ins_id`) REFERENCES `instructor` (`ins_id`) ON UPDATE CASCADE;

--
-- Constraints for table `assi_of_st`
--
ALTER TABLE `assi_of_st`
  ADD CONSTRAINT `assi_of_st_ibfk_1` FOREIGN KEY (`assign_id`) REFERENCES `assignments` (`assign_id`) ON UPDATE CASCADE,
  ADD CONSTRAINT `assi_of_st_ibfk_2` FOREIGN KEY (`st_id`) REFERENCES `student` (`st_id`);

--
-- Constraints for table `courses`
--
ALTER TABLE `courses`
  ADD CONSTRAINT `courses_ibfk_1` FOREIGN KEY (`ins_id`) REFERENCES `instructor` (`ins_id`) ON UPDATE CASCADE,
  ADD CONSTRAINT `courses_ibfk_2` FOREIGN KEY (`b_id`) REFERENCES `batch` (`batch_id`);

--
-- Constraints for table `instructor`
--
ALTER TABLE `instructor`
  ADD CONSTRAINT `instructor_ibfk_1` FOREIGN KEY (`ins_id`) REFERENCES `users` (`user_id`);

--
-- Constraints for table `inst_teach_st`
--
ALTER TABLE `inst_teach_st`
  ADD CONSTRAINT `inst_teach_st_ibfk_1` FOREIGN KEY (`batch_id`) REFERENCES `batch` (`batch_id`),
  ADD CONSTRAINT `inst_teach_st_ibfk_2` FOREIGN KEY (`inst_id`) REFERENCES `instructor` (`ins_id`);

--
-- Constraints for table `lectures`
--
ALTER TABLE `lectures`
  ADD CONSTRAINT `c_id` FOREIGN KEY (`c_id`) REFERENCES `courses` (`course_id`);

--
-- Constraints for table `quizzes`
--
ALTER TABLE `quizzes`
  ADD CONSTRAINT `quizzes_ibfk_1` FOREIGN KEY (`c_id`) REFERENCES `courses` (`course_id`),
  ADD CONSTRAINT `quizzes_ibfk_2` FOREIGN KEY (`ins_id`) REFERENCES `instructor` (`ins_id`);

--
-- Constraints for table `quiz_of_st`
--
ALTER TABLE `quiz_of_st`
  ADD CONSTRAINT `quiz_of_st_ibfk_1` FOREIGN KEY (`quiz_id`) REFERENCES `quizzes` (`quiz_id`),
  ADD CONSTRAINT `quiz_of_st_ibfk_2` FOREIGN KEY (`st_id`) REFERENCES `student` (`st_id`);

--
-- Constraints for table `student`
--
ALTER TABLE `student`
  ADD CONSTRAINT `b_id` FOREIGN KEY (`b_id`) REFERENCES `batch` (`batch_id`) ON UPDATE CASCADE,
  ADD CONSTRAINT `st_id` FOREIGN KEY (`st_id`) REFERENCES `users` (`user_id`) ON UPDATE CASCADE;

--
-- Constraints for table `st_in_courses`
--
ALTER TABLE `st_in_courses`
  ADD CONSTRAINT `st_in_courses_ibfk_1` FOREIGN KEY (`c_id`) REFERENCES `courses` (`course_id`),
  ADD CONSTRAINT `st_in_courses_ibfk_2` FOREIGN KEY (`st_id`) REFERENCES `student` (`st_id`);

--
-- Constraints for table `users`
--
ALTER TABLE `users`
  ADD CONSTRAINT `role_id` FOREIGN KEY (`role_id`) REFERENCES `user type` (`type_id`);
COMMIT;

/*!40101 SET CHARACTER_SET_CLIENT=@OLD_CHARACTER_SET_CLIENT */;
/*!40101 SET CHARACTER_SET_RESULTS=@OLD_CHARACTER_SET_RESULTS */;
/*!40101 SET COLLATION_CONNECTION=@OLD_COLLATION_CONNECTION */;
